-- MySQL dump 10.13  Distrib 5.7.9, for Win32 (AMD64)
--
-- Host: localhost    Database: cinemapp_bd
-- ------------------------------------------------------
-- Server version	5.5.5-10.1.13-MariaDB

/*!40101 SET @OLD_CHARACTER_SET_CLIENT=@@CHARACTER_SET_CLIENT */;
/*!40101 SET @OLD_CHARACTER_SET_RESULTS=@@CHARACTER_SET_RESULTS */;
/*!40101 SET @OLD_COLLATION_CONNECTION=@@COLLATION_CONNECTION */;
/*!40101 SET NAMES utf8 */;
/*!40103 SET @OLD_TIME_ZONE=@@TIME_ZONE */;
/*!40103 SET TIME_ZONE='+00:00' */;
/*!40014 SET @OLD_UNIQUE_CHECKS=@@UNIQUE_CHECKS, UNIQUE_CHECKS=0 */;
/*!40014 SET @OLD_FOREIGN_KEY_CHECKS=@@FOREIGN_KEY_CHECKS, FOREIGN_KEY_CHECKS=0 */;
/*!40101 SET @OLD_SQL_MODE=@@SQL_MODE, SQL_MODE='NO_AUTO_VALUE_ON_ZERO' */;
/*!40111 SET @OLD_SQL_NOTES=@@SQL_NOTES, SQL_NOTES=0 */;

--
-- Table structure for table `cidade`
--

DROP TABLE IF EXISTS `cidade`;
/*!40101 SET @saved_cs_client     = @@character_set_client */;
/*!40101 SET character_set_client = utf8 */;
CREATE TABLE `cidade` (
  `idcidade` int(11) NOT NULL AUTO_INCREMENT,
  `nomeCidade` varchar(45) NOT NULL,
  `idestado` int(11) NOT NULL,
  PRIMARY KEY (`idcidade`,`idestado`),
  KEY `fk_cidade_estado1_idx` (`idestado`),
  CONSTRAINT `fk_cidade_estado1` FOREIGN KEY (`idestado`) REFERENCES `estado` (`idestado`) ON DELETE NO ACTION ON UPDATE NO ACTION
) ENGINE=InnoDB AUTO_INCREMENT=7 DEFAULT CHARSET=utf8;
/*!40101 SET character_set_client = @saved_cs_client */;

--
-- Dumping data for table `cidade`
--

LOCK TABLES `cidade` WRITE;
/*!40000 ALTER TABLE `cidade` DISABLE KEYS */;
INSERT INTO `cidade` VALUES (5,'Natal',5),(6,'Aracaju',6);
/*!40000 ALTER TABLE `cidade` ENABLE KEYS */;
UNLOCK TABLES;

--
-- Table structure for table `cinema`
--

DROP TABLE IF EXISTS `cinema`;
/*!40101 SET @saved_cs_client     = @@character_set_client */;
/*!40101 SET character_set_client = utf8 */;
CREATE TABLE `cinema` (
  `idcinema` int(11) NOT NULL AUTO_INCREMENT,
  `nomeCinema` varchar(45) NOT NULL,
  `latitude` varchar(45) NOT NULL,
  `longitude` varchar(45) NOT NULL,
  `telefone` varchar(20) DEFAULT NULL,
  `idendereco` int(11) NOT NULL,
  PRIMARY KEY (`idcinema`,`idendereco`),
  KEY `fk_cinema_endereco1_idx` (`idendereco`),
  CONSTRAINT `fk_cinema_endereco1` FOREIGN KEY (`idendereco`) REFERENCES `endereco` (`idendereco`) ON DELETE NO ACTION ON UPDATE NO ACTION
) ENGINE=InnoDB AUTO_INCREMENT=7 DEFAULT CHARSET=utf8;
/*!40101 SET character_set_client = @saved_cs_client */;

--
-- Dumping data for table `cinema`
--

LOCK TABLES `cinema` WRITE;
/*!40000 ALTER TABLE `cinema` DISABLE KEYS */;
INSERT INTO `cinema` VALUES (4,'Cinemark Midway Mall','-5.810457','-35.206555','(84) 3221-6571',2312),(5,'Cinemark Shopping Jardins','-10.9436232','-37.0600782','(79) 3217-5610',2313),(6,'Cinepolis Natal Shopping','-5.842221','-35.211424','(84) 3209-8199',2314);
/*!40000 ALTER TABLE `cinema` ENABLE KEYS */;
UNLOCK TABLES;

--
-- Table structure for table `endereco`
--

DROP TABLE IF EXISTS `endereco`;
/*!40101 SET @saved_cs_client     = @@character_set_client */;
/*!40101 SET character_set_client = utf8 */;
CREATE TABLE `endereco` (
  `idendereco` int(11) NOT NULL AUTO_INCREMENT,
  `bairro` varchar(100) DEFAULT NULL,
  `logradouro` varchar(100) DEFAULT NULL,
  `numero` int(11) DEFAULT NULL,
  `idcidade` int(11) NOT NULL,
  PRIMARY KEY (`idendereco`,`idcidade`),
  KEY `fk_endereco_cidade1_idx` (`idcidade`),
  CONSTRAINT `fk_endereco_cidade1` FOREIGN KEY (`idcidade`) REFERENCES `cidade` (`idcidade`) ON DELETE NO ACTION ON UPDATE NO ACTION
) ENGINE=InnoDB AUTO_INCREMENT=2315 DEFAULT CHARSET=utf8;
/*!40101 SET character_set_client = @saved_cs_client */;

--
-- Dumping data for table `endereco`
--

LOCK TABLES `endereco` WRITE;
/*!40000 ALTER TABLE `endereco` DISABLE KEYS */;
INSERT INTO `endereco` VALUES (2312,'Centro','Av. Bernardo Vieira',3775,5),(2313,'Jardim','Av.Ministro Geraldo Barreto Sobral',215,6),(2314,'Candelaria','Av. Senador Salgado Filho',2234,5);
/*!40000 ALTER TABLE `endereco` ENABLE KEYS */;
UNLOCK TABLES;

--
-- Table structure for table `estado`
--

DROP TABLE IF EXISTS `estado`;
/*!40101 SET @saved_cs_client     = @@character_set_client */;
/*!40101 SET character_set_client = utf8 */;
CREATE TABLE `estado` (
  `idestado` int(11) NOT NULL AUTO_INCREMENT,
  `siglaEstado` varchar(2) NOT NULL,
  PRIMARY KEY (`idestado`)
) ENGINE=InnoDB AUTO_INCREMENT=7 DEFAULT CHARSET=utf8;
/*!40101 SET character_set_client = @saved_cs_client */;

--
-- Dumping data for table `estado`
--

LOCK TABLES `estado` WRITE;
/*!40000 ALTER TABLE `estado` DISABLE KEYS */;
INSERT INTO `estado` VALUES (5,'RN'),(6,'SE');
/*!40000 ALTER TABLE `estado` ENABLE KEYS */;
UNLOCK TABLES;

--
-- Table structure for table `filme`
--

DROP TABLE IF EXISTS `filme`;
/*!40101 SET @saved_cs_client     = @@character_set_client */;
/*!40101 SET character_set_client = utf8 */;
CREATE TABLE `filme` (
  `idfilme` int(11) NOT NULL AUTO_INCREMENT,
  `avaliacao` double NOT NULL,
  `nomeDoFilme` varchar(100) NOT NULL,
  `classificacaoEtaria` int(2) NOT NULL,
  `sinopse` varchar(1000) NOT NULL,
  `diretor` varchar(45) DEFAULT NULL,
  `elenco` varchar(45) DEFAULT NULL,
  `imagem` varchar(500) NOT NULL,
  PRIMARY KEY (`idfilme`)
) ENGINE=InnoDB AUTO_INCREMENT=628 DEFAULT CHARSET=utf8;
/*!40101 SET character_set_client = @saved_cs_client */;

--
-- Dumping data for table `filme`
--

LOCK TABLES `filme` WRITE;
/*!40000 ALTER TABLE `filme` DISABLE KEYS */;
INSERT INTO `filme` VALUES (564,0,'É Fada!',12,'Uma fada tagarela e atrapalhada (Kéfera Buchmann) recebe a missão de ajudar uma jovem garota (Klara Castanho) que não acredita no mundo da magia.',NULL,NULL,'https://image.tmdb.org/t/p/w300_and_h450_bestv2/o5OfgLXvWydLL0IvOAPuSDijFxF.jpg'),(565,5.3,'Cegonhas - A História que Não te Contaram',0,'Todo mundo já sabe de onde vêm os bebês: eles são trazidos pelas cegonhas. Mas agora você vai conhecer a mega estrutura por trás desta fábrica de bebês: na verdade, as cegonhas controlam um grande empreendimento que enfrenta muitas dificuldades para coordenar todas as entregas nos horários e locais certos.',NULL,NULL,'https://image.tmdb.org/t/p/w300_and_h450_bestv2/pxD4pPwRmyY4z7MPFpZuNRnQ3rx.jpg'),(566,2,'Cinderela Baiana',0,'',NULL,NULL,'https://image.tmdb.org/t/p/w300_and_h450_bestv2/axky0gKIW2DSs2v3flPzTGOu0Ut.jpg'),(567,5.6,'Festa da Salsicha',16,'Dentro de um supermercado, os alimentos sonham em serem escolhidos pelas pessoas e se mudarem para as casas dos compradores. Mas eles nem suspeitam que serão cortados, ralados, cozidos e devorados! Quando uma salsicha descobre a terrível verdade, ela reúne outros alimentos com a tarefa de voltarem ao mercado e avisarem todos os colegas do risco que correm.',NULL,NULL,'https://image.tmdb.org/t/p/w300_and_h450_bestv2/AoBWBZwxbnfiUAwGPN8ctuR01wE.jpg'),(568,4.8,'Gênios do Crime',12,'A história gira em torno de Dave Ghantt (Zach Galifianakis), um guarda noturno de uma companhia de carros blindados no sul dos Estados Unidos que organiza um dos mais ousados assaltos a banco da história norte-americana. Mesmo sem ter experiência e contando com a ajuda dos colegas mais atrapalhados, ele consegue roubar 17 milhões de dólares. Baseado em uma história real.',NULL,NULL,'https://image.tmdb.org/t/p/w300_and_h450_bestv2/ckvMZK6b5HeIbUywqbLDY6BUFRX.jpg'),(569,4.9,'Inferno',12,'O renomado professor de simbologia de Harvard, Robert Langdon (Tom Hanks) visita a Itália e se envolve em mais uma aventura envolvendo símbolos ocultos e corporações secretas. Ele se vê em uma jornada em que procura desvendar os mistérios do clássico da literatura &quot;A Divina Comédia&quot;, de Dante Alighieri.',NULL,NULL,'https://image.tmdb.org/t/p/w300_and_h450_bestv2/d7FGOJuAfgCwypol5r1qs1OtqZr.jpg'),(570,6.1,'O Lar das Crianças Peculiares',12,'Do visionário diretor Tim Burton, e baseado no romance best-seller &quot;O Orfanato da Srta. Peregrine para Crianças Peculiares&quot;, chega uma experiência cinematográfica inesquecível. Quando seu querido avô deixa para Jacob (Asa Butterfield) pistas sobre um mistério que se estende por diferentes mundos e tempos, ele encontra um lugar mágico conhecido como O Lar das Crianças Peculiares. Mas o mistério e o perigo se aprofundam quando ele começa a conhecer os moradores e aprende sobre seus poderes especiais… e seus poderosos inimigos.',NULL,NULL,'https://image.tmdb.org/t/p/w300_and_h450_bestv2/5TiGmItHz4y6GqMN5zDEO67B8Ie.jpg'),(571,4.6,'Sete Homens e um Destino',14,'Refilmagem do clássico faroeste Sete Homens e um Destino (1960), que por sua vez é um remake de Os Sete Samurais, de Akira Kurosawa. Os habitantes de um pequeno vilarejo sofrem com os constantes ataques de um bando de pistoleiros. Revoltada com os saques, Emma Cullen (Haley Bennett) deseja justiça e pede auxílio ao pistoleiro Sam Chisolm (Denzel Washington), que reúne um grupo de especialistas para contra-atacar os bandidos.',NULL,NULL,'https://image.tmdb.org/t/p/w300_and_h450_bestv2/Fyvx5EmHYiACHoY0TTynlhrh07.jpg'),(572,0,'Tô Ryca',12,'Selminha (Samantha Schmütz) é uma frentista que tem a chance de deixar seus dias de pobreza para trás ao descobrir uma herança de família. Mas para conseguir colocar a mão nessa grana, ela terá que cumprir o desafio lançado por seu tio: Selminha precisa gastar 30 milhões de reais em 30 dias, sem acumular nada e nem contar para ninguém. Mas, nessa louca maratona, ela vai acabar descobrindo que tem coisas que o dinheiro não compra.',NULL,NULL,'https://image.tmdb.org/t/p/w300_and_h450_bestv2/2eKX2mFZsWtFWMDvStVlbVOeHfM.jpg'),(573,4.9,'A Maldição da Floresta',12,'O longa conta a história de uma família inglesa que vai morar em uma parte isolada da Irlanda. O intuito do pai é estudar a floresta para futuras construções. Mas sua ação acaba perturbando seres demoníacos que vivem no local e começam uma série de ataques contra a família.',NULL,NULL,'https://image.tmdb.org/t/p/w300_and_h450_bestv2/6NUTxX9p2X7DprrEoxLvZvjLNiu.jpg'),(574,0,'Assassino a Preço Fixo 2 – A Ressurreição',14,'O matador profissional Arthur Bishop (Statham) quer deixar seu passado negro para trás. No entanto, a sua paz dura pouco quando surge um trabalho: realizar três assassinatos impossíveis, que só ele é capaz de cometer',NULL,NULL,'http://www2.trt8.jus.br/leilao/imagens/img_indisponivel.jpg'),(575,0,'FICI -  Tainá 2 - A Aventura Continua',0,'',NULL,NULL,'http://www2.trt8.jus.br/leilao/imagens/img_indisponivel.jpg'),(576,0,'FICI - A Sociedade Secreta de Souptown',0,'',NULL,NULL,'http://www2.trt8.jus.br/leilao/imagens/img_indisponivel.jpg'),(577,0,'FICI - Carrossel, o filme',0,'',NULL,NULL,'http://www2.trt8.jus.br/leilao/imagens/img_indisponivel.jpg'),(578,0,'FICI - Heavysaurs, Dinossauros da Pesada',0,'',NULL,NULL,'http://www2.trt8.jus.br/leilao/imagens/img_indisponivel.jpg'),(579,0,'FICI - Jack e a Mecânica do Coração',0,'',NULL,NULL,'http://www2.trt8.jus.br/leilao/imagens/img_indisponivel.jpg'),(580,0,'FICI - Kikoriki, a turma invencível ',0,'',NULL,NULL,'http://www2.trt8.jus.br/leilao/imagens/img_indisponivel.jpg'),(581,0,'FICI - Molly, a Monstrinha',0,'',NULL,NULL,'http://www2.trt8.jus.br/leilao/imagens/img_indisponivel.jpg'),(582,0,'FICI - No Mundo da Lua',0,'',NULL,NULL,'http://www2.trt8.jus.br/leilao/imagens/img_indisponivel.jpg'),(583,0,'FICI - O Pequeno Príncipe',0,'',NULL,NULL,'http://www2.trt8.jus.br/leilao/imagens/img_indisponivel.jpg'),(584,0,'FICI - Pequenos que nem você',0,'',NULL,NULL,'http://www2.trt8.jus.br/leilao/imagens/img_indisponivel.jpg'),(585,0,'FICI - Zootopia - Essa cidade é o bicho',0,'',NULL,NULL,'http://www2.trt8.jus.br/leilao/imagens/img_indisponivel.jpg'),(586,7.1,'Kubo e as Cordas Mágicas',0,'Kubo vive uma normal e tranquila vida em uma pequena vila no Japão com sua mãe. Até que um espírito vingativo do passado muda completamente sua vida, ao fazer com que todos os tipos de deuses e monstros o persigam. Agora, para sobreviver, Kubo terá de encontrar uma armadura mágica que foi usada pelo seu falecido pai, um lendário guerreiro samurai.',NULL,NULL,'https://image.tmdb.org/t/p/w300_and_h450_bestv2/3Kr9CIIMcXTPlm6cdZ9y3QTe4Y7.jpg'),(587,7.4,'Zootopia',0,'Judy Hopps é a pequena coelha de uma fazenda isolada, filha de agricultores que plantam cenouras há décadas. Mas ela tem sonhos maiores: pretende se mudar para a cidade grande, Zootopia, onde todas as espécies de animais convivem em harmonia, na intenção de se tornar a primeira coelha policial. Judy enfrenta o preconceito e as manipulações dos outros animais, mas conta com a ajuda inesperada da raposa Nick Wilde, conhecida por sua malícia e suas infrações. A inesperada dupla se dedica à busca de um animal desaparecido, descobrindo uma conspiração que afeta toda a cidade.',NULL,NULL,'https://image.tmdb.org/t/p/w300_and_h450_bestv2/7RxLO0mzqy1GChHmx16zGWnuZal.jpg'),(588,0,'Inferno - O Filme',14,'',NULL,NULL,'http://www2.trt8.jus.br/leilao/imagens/img_indisponivel.jpg'),(589,6.3,'O Bebê de Bridget Jones',12,'Depois de tantas idas e vindas, Bridget Jones (Renée Zellweger) e Mark (Colin Firth) finalmente se casam. Não demora muito, entretanto, para que a vida pregue mais uma peça neles e eles acabam se separando. Em crise no tabalho, tentando manter uma boa relação com o ex e engatando um novo romance (Patrick Dempsey), Bridget tem uma surpreendente revelação: está grávida - e não tem certeza de quem é o pai da criança.',NULL,NULL,'https://image.tmdb.org/t/p/w300_and_h450_bestv2/g0OC7EYa2VUGilDJFxFu7lSgCJW.jpg'),(590,8,'Chocolate',14,'',NULL,NULL,'https://image.tmdb.org/t/p/w300_and_h450_bestv2/bJJSyos810HNnkd3STt4jmVgJgT.jpg'),(591,0,'Deixe-me Viver de Luiz Sérgio',14,'',NULL,NULL,'http://www2.trt8.jus.br/leilao/imagens/img_indisponivel.jpg'),(592,0,'Animais Fantásticos e Onde Habitam',0,'Baseado no livro homônimo de J.K. Rowling. O excêntrico magizoologista Newt Scamander (Eddie Redmayne) chega à cidade de Nova York com sua maleta, um objeto mágico onde ele carrega uma coleção de fantásticos animais do mundo da magia que coletou durante as suas viagens. Em meio a comunidade bruxa norte-americana que teme muito mais a exposição aos trouxas do que os ingleses, Newt precisará usar suas habilidades e conhecimentos para capturar uma variedade de criaturas que acabam saindo da sua maleta.',NULL,NULL,'https://image.tmdb.org/t/p/w300_and_h450_bestv2/pGjKVOxF8PirC2sXQLXSLh2nD0h.jpg'),(593,6.2,'O Contador de Histórias',14,'Anos 70. Aos 6 anos Roberto Carlos Ramos (Marco Ribeiro) foi escolhido por sua mãe (Jú Colombo) para ser interno em uma instituição oficial que, segundo apregoava a propaganda, visava a formação de crianças em médicos, advogados e engenheiros. Entretanto a realidade era bem diferente, o que fez com que Roberto aprendesse as regras de sobrevivência no local. Pouco depois de completar 7 anos ele é transferido, passando a conviver com crianças até 14 anos. Aos 13 anos, ainda analfabeto, Roberto tem contato com as drogas e já acumula mais de 100 tentativas de fuga. Considerado irrecuperável por muitos, Roberto recebe a visita da psicóloga francesa Margherit Duvas (Maria de Medeiros). Tratando-o com respeito, ela inicia o processo de recuperação e aprendizagem de Roberto.',NULL,NULL,'https://image.tmdb.org/t/p/w300_and_h450_bestv2/3wOi7xgVbGBrMUyJRVe0CY3L010.jpg'),(594,0,'O Shaolin do Sertão',12,'Durante a década de 80, lutadores de vale-tudo passam por dificuldades devido à falta de lutas profissionais. A fim de manter a paixão pela luta, eles desafiam os valentões no interior do Ceará que aceitam participar da competição criada. É assim que Aluiso Li (Edmilson Filho) vê a sua chance de ouro para realizar o sonho de se tornar um verdadeiro mestre das lutas como os heróis de seus filmes favoritos.',NULL,NULL,'https://image.tmdb.org/t/p/w300_and_h450_bestv2/b0QuOKWVsxXEFt24Ln1eBxlH3vS.jpg'),(595,0,'FICI - 9x Animação',0,'',NULL,NULL,'http://www2.trt8.jus.br/leilao/imagens/img_indisponivel.jpg'),(596,0,'FICI - Anima Mundi para Crianças',0,'',NULL,NULL,'http://www2.trt8.jus.br/leilao/imagens/img_indisponivel.jpg'),(597,0,'FICI - Histórias Animadas - Prêmio Brasil de Cinema Infantil ',0,'',NULL,NULL,'http://www2.trt8.jus.br/leilao/imagens/img_indisponivel.jpg'),(598,0,'FICI - Histórias Curtas -  Prêmio Brasil de Cinema Infantil',0,'',NULL,NULL,'http://www2.trt8.jus.br/leilao/imagens/img_indisponivel.jpg'),(599,0,'FICI - Molly, a Monstrinha - O Pequeno Jornalista',0,'',NULL,NULL,'http://www2.trt8.jus.br/leilao/imagens/img_indisponivel.jpg'),(600,0,'FICI - Mostra Teen - Prêmio Brasil de Cinema Infantil ',0,'',NULL,NULL,'http://www2.trt8.jus.br/leilao/imagens/img_indisponivel.jpg'),(601,0,'FICI - O Bom Dinossauro',0,'',NULL,NULL,'http://www2.trt8.jus.br/leilao/imagens/img_indisponivel.jpg'),(602,0,'FICI - Te Vi na TV',0,'',NULL,NULL,'http://www2.trt8.jus.br/leilao/imagens/img_indisponivel.jpg'),(603,0,'FICI - O Que Queremos para o Mundo?',0,'',NULL,NULL,'http://www2.trt8.jus.br/leilao/imagens/img_indisponivel.jpg'),(604,0,'FICI - Tainá, A Origem',0,'',NULL,NULL,'http://www2.trt8.jus.br/leilao/imagens/img_indisponivel.jpg'),(605,0,'Ouija - Origem do Mal',14,'Doris é uma garotinha solitária e pouco popular na escola. Sua mãe é especialista em aplicar golpes em clientes, fingindo se comunicar com espíritos. Mas quando Doris usa um tabuleiro de Ouija para se comunicar com o falecido pai, acaba liberando uma série de seres malignos que se apoderam de seu corpo e ameaçam todos ao redor.',NULL,NULL,'https://image.tmdb.org/t/p/w300_and_h450_bestv2/8bDJt4f1ooDY3vNWVoVjw8PvsGH.jpg'),(606,0,'FICI - Mostra Novos Jovens: O Escaravelho do Diabo',12,'',NULL,NULL,'http://www2.trt8.jus.br/leilao/imagens/img_indisponivel.jpg'),(607,0,'FICI - Mostra Novos Jovens: O Menino no Espelho',0,'',NULL,NULL,'http://www2.trt8.jus.br/leilao/imagens/img_indisponivel.jpg'),(608,0,'FICI - Lobos e Ovelhas',0,'',NULL,NULL,'http://www2.trt8.jus.br/leilao/imagens/img_indisponivel.jpg'),(609,0,'FICI - Mune, O Guardião da Lua',0,'',NULL,NULL,'http://www2.trt8.jus.br/leilao/imagens/img_indisponivel.jpg'),(610,0,'FICI - Dofus - Livro 1: Julith',0,'',NULL,NULL,'http://www2.trt8.jus.br/leilao/imagens/img_indisponivel.jpg'),(611,0,'FICI - Kikoriki, a Lenda do Dragão Dourado',0,'',NULL,NULL,'http://www2.trt8.jus.br/leilao/imagens/img_indisponivel.jpg'),(612,4.5,'Assassino a Preço Fixo 2 - A Ressurreição',14,'Arthur Bishop (Jason Statham) é obrigado a reativar seu lado criminoso quando o amor de sua vida é sequestrado. Na mão do inimigo, ele é forçado a viajar pelo mundo para completar três impossíveis assassinatos e fazer o que sabe melhor: fingir que foram acidentes.',NULL,NULL,'https://image.tmdb.org/t/p/w300_and_h450_bestv2/zqGus5eDcNcPQZNBSwWUHNqhbIK.jpg'),(613,6.3,'O Amor em Fuga',0,'Aos trinta e cinco anos, o personagem mais famoso de diretor francês François Truffaut, Antoine Doinel (Jean-Pierre Léaud) continua o mesmo adolescente de sempre. Recém-divorciado de sua mulher, Christine, ele começa a lembrar as pessoas que marcaram sua vida. Inclusive, Colette, seu primeiro amor, que se tornou uma advogada muito conhecida, e Lucien, o ex-amante de sua mãe, que se transformou num senhor de idade respeitado por todos. Prisioneiro de seu passado, ele conhece Sabine, uma jovem vendedora de discos, por quem se apaixona ao ver sua foto. &quot;Amor em Fuga&quot; registra a última aparição de Antoine nos filmes de Truffaut.',NULL,NULL,'https://image.tmdb.org/t/p/w300_and_h450_bestv2/7CZUX5ICWnBvEEHV3xvUDoV9Zj0.jpg'),(614,0,'O Último Metrô',16,'',NULL,NULL,'http://www2.trt8.jus.br/leilao/imagens/img_indisponivel.jpg'),(615,4.3,'Doutor Estranho',0,'A história de um ex-neurocirurgião que, depois de ter sua carreira destruída em um acidente, começa uma nova vida. Ele se torna discípulo de um grande feiticeiro para se tornar o Mago Supremo e proteger a Terra contra ameaças místicas.',NULL,NULL,'http://image.tmdb.org/t/p/w300_and_h450_bestv2/bBB1WZlhMmZd3Kk9p8fp3gvN4oS.jpg'),(616,4.9,'Horizonte Profundo - Desastre no Golfo',12,'Baseada em eventos reais, a história se passa no Golfo do México, na plataforma de perfuração marítima Deepwater Horizon. Diante de um dos piores vazamentos de petróleo na história dos EUA, Mike Williams (Mark Wahlberg) e os demais trabalhadores embarcados lutam para escapar com vida do terrível acidente.',NULL,NULL,'https://image.tmdb.org/t/p/w300_and_h450_bestv2/8odVsbwxxj9G42h4K5hqwWOIJaE.jpg'),(617,0,'Pequeno Segredo',10,'Três histórias conectadas por um único segredo, abrangendo a primeira família brasileira a dar a volta ao mundo a bordo de um veleiro. Conhecidos por seus cruzamentos marítimos, os Schurmann guardaram por um longo tempo, a comovente história da adoção de Kat, falecida em 2006.',NULL,NULL,'https://image.tmdb.org/t/p/w300_and_h450_bestv2/unQ3gBcGkQnZN4IYVvt0hDy03SU.jpg'),(618,5.7,'Trolls',0,'Ramo (Justin Timberlake) parte para uma jornada de descobertas e aventuras ao lado de Poppy (Anna Kendrick), líder dos Trolls. Inicialmente inimigos, conforme os desafios são superados eles descobrem que no fundo combinam.',NULL,NULL,'https://image.tmdb.org/t/p/w300_and_h450_bestv2/wHyxyum7NANysgZf7JZnhOx8WuF.jpg'),(619,5.4,'A Garota no Trem',14,'Rachel (Emily Blunt), uma alcoólatra desempregada e deprimida, sofre pelo seu divórcio recente. Todas as manhãs ela viaja de trem de Ashbury a Londres, fantasiando sobre a vida de um jovem casal que vigia pela janela. Certo dia ela testemunha uma cena chocante e mais tarde descobre que a mulher está desaparecida. Inquieta, Rachel recorre a polícia e se vê completamente envolvida no mistério.',NULL,NULL,'https://image.tmdb.org/t/p/w300_and_h450_bestv2/aapQV2PXrsiNkktypQYth4NeLDR.jpg'),(620,5.8,'A Luz Entre Oceanos',12,'Na Austrália, depois da Primeira Guerra Mundial, um homem trabalha em um farol com a sua esposa. Um dia, eles encontram dentro de um barco um cadáver e um bebê de dois meses de idade. O casal pensa inicialmente em avisar a polícia, mas depois decidem que este foi um presente de Deus, e passam a cuidar da criança. Muito tempo mais tarde, quando fazem uma viagem, eles descobrem que tomaram a decisão errada.',NULL,NULL,'https://image.tmdb.org/t/p/w300_and_h450_bestv2/pEFRzXtLmxYNjGd0XqJDHPDFKB2.jpg'),(621,4.7,'Invasão de Privacidade',12,'Uma série de misteriosas mortes atinge um edifício de luxo em Manhattan enquanto uma nova moradora (Sharon Stone) se envolve com um dos vizinhos (William Baldwin), mas também é desejada por um outro (Tom Berenger) e gradativamente vai chegando a conclusão que um deles é o assassino.',NULL,NULL,'https://image.tmdb.org/t/p/w300_and_h450_bestv2/tfqabKmhVP6XCpMG7HDp3utTWQq.jpg'),(622,6.7,'A Chegada',12,'Baseado em um conto do escritor estadunidense Ted Chiang, o longa acompanha uma especialista em linguística que é recrutada pelos militares para determinar se os alienígenas que acabam de chegar à Terra estão em uma missão pacífica. À medida que ela aprende a se comunicar com os aliens, começa a experimentar flashbacks que se tornam a chave para desvendar o maior mistério sobre o verdadeiro propósito da visita extraterrestre.',NULL,NULL,'https://image.tmdb.org/t/p/w300_and_h450_bestv2/AkU2o9DmCXQglds7SQHilzc5zDX.jpg'),(623,0,'Elis',14,'A vida de Elis Regina é contada nesta cinebiografia em ritmo energético e pulsante. A trendsetter cultural que sinalizou a mudança de estilos de Bossa Nova para MPB, a &quot;pimentinha&quot; ardente, que viveu uma vida turbulenta. Ao mesmo tempo que chocava-se com a ditadura militar no Brasil, ela lutou com seus próprios demônios pessoais.',NULL,NULL,'https://image.tmdb.org/t/p/w300_and_h450_bestv2/jAmPQPXGCguEy2BLPahaQOG2Y5F.jpg'),(624,4.4,'Jack Reacher: Sem Retorno',14,'Jack Reacher (Tom Cruise) retorna à base militar onde serviu na Virgínia, onde pretende levar uma comandante local para jantar. Só que, logo ao chegar, descobre que ela foi sequestrada. Não demora muito para que ele assuma a responsabilidade de salvá-la.',NULL,NULL,'https://image.tmdb.org/t/p/w300_and_h450_bestv2/cl8edcDWN0WFZhILvzXvZC8RV9c.jpg'),(625,1.5,'O Quarto dos Esquecidos',14,'Dana e David formam um casal marcado por um trauma recente. Eles decidem sair da cidade grande e comprar um casarão abandonado numa área rural, junto do filho Lucas. Dana pretende usar seus conhecimentos como arquiteta para reconstruir o lugar e superar as dores passadas. Logo ela descobre a existência de um quarto escondido, que não constava na planta. Perguntando para moradores locais, percebe que muitas casas da região tinham um cômodo destinado a ocultar segredos de família.',NULL,NULL,'https://image.tmdb.org/t/p/w300_and_h450_bestv2/59IqLbM1S4A0ilSiYARsg2ZfKpy.jpg'),(626,0,'Masha e o Urso',0,'',NULL,NULL,'http://www2.trt8.jus.br/leilao/imagens/img_indisponivel.jpg'),(627,7.8,'Operação Big Hero',0,'Cidade de San Fransokyo, Estados Unidos. Hiro Hamada (voz de Ryan Potter) é um garoto prodígio que, aos 13 anos, criou um poderoso robô para participar de lutas clandestinas, onde tenta ganhar um bom dinheiro. Seu irmão, Tadashi (voz de Daniel Henney), deseja atraí-lo para algo mais útil e resolve levá-lo até o laboratório onde trabalha, que está repleto de invenções. Hiro conhece os amigos de Tadashi e logo se interessa em estudar ali. Para tanto ele precisa fazer a apresentação de uma grande invenção, de forma a convencer o professor Callahan (James Cromwell) a matriculá-lo. Entretanto, as coisas não saem como ele imaginava e Hiro, deprimido, encontra auxílio inesperado através do robô inflável Baymax (voz Scott Adsit), criado pelo irmão.',NULL,NULL,'https://image.tmdb.org/t/p/w300_and_h450_bestv2/wjWhePIrOIdEXpDwnmSER3kLWdU.jpg');
/*!40000 ALTER TABLE `filme` ENABLE KEYS */;
UNLOCK TABLES;

--
-- Table structure for table `filme_genero`
--

DROP TABLE IF EXISTS `filme_genero`;
/*!40101 SET @saved_cs_client     = @@character_set_client */;
/*!40101 SET character_set_client = utf8 */;
CREATE TABLE `filme_genero` (
  `idfilme` int(11) NOT NULL,
  `idgenero` int(11) NOT NULL,
  PRIMARY KEY (`idfilme`,`idgenero`),
  KEY `fk_temFilmeGenero_genero1_idx` (`idgenero`),
  CONSTRAINT `fk_temFilmeGenero_filme` FOREIGN KEY (`idfilme`) REFERENCES `filme` (`idfilme`) ON DELETE NO ACTION ON UPDATE NO ACTION,
  CONSTRAINT `fk_temFilmeGenero_genero1` FOREIGN KEY (`idgenero`) REFERENCES `genero` (`idgenero`) ON DELETE NO ACTION ON UPDATE NO ACTION
) ENGINE=InnoDB DEFAULT CHARSET=utf8;
/*!40101 SET character_set_client = @saved_cs_client */;

--
-- Dumping data for table `filme_genero`
--

LOCK TABLES `filme_genero` WRITE;
/*!40000 ALTER TABLE `filme_genero` DISABLE KEYS */;
INSERT INTO `filme_genero` VALUES (564,35),(565,16),(565,35),(565,10751),(566,18),(567,12),(567,14),(567,16),(567,35),(568,28),(568,35),(568,80),(569,28),(569,53),(569,80),(569,9648),(570,14),(571,12),(571,28),(571,37),(572,35),(573,14),(573,27),(586,12),(586,14),(586,16),(586,10751),(587,12),(587,16),(587,35),(587,10751),(589,35),(589,10749),(590,18),(592,12),(592,14),(592,10751),(593,18),(594,35),(605,27),(605,53),(612,28),(612,53),(612,80),(613,18),(613,35),(613,10749),(615,12),(615,14),(615,28),(615,878),(616,18),(617,18),(618,12),(618,16),(618,10751),(619,53),(620,18),(621,18),(621,53),(622,18),(622,878),(623,18),(624,18),(624,28),(624,53),(624,80),(624,9648),(625,18),(625,53),(627,12),(627,16),(627,28),(627,35),(627,10751);
/*!40000 ALTER TABLE `filme_genero` ENABLE KEYS */;
UNLOCK TABLES;

--
-- Table structure for table `genero`
--

DROP TABLE IF EXISTS `genero`;
/*!40101 SET @saved_cs_client     = @@character_set_client */;
/*!40101 SET character_set_client = utf8 */;
CREATE TABLE `genero` (
  `idgenero` int(11) NOT NULL AUTO_INCREMENT,
  `nomeGenero` varchar(45) NOT NULL,
  PRIMARY KEY (`idgenero`)
) ENGINE=InnoDB AUTO_INCREMENT=10771 DEFAULT CHARSET=utf8;
/*!40101 SET character_set_client = @saved_cs_client */;

--
-- Dumping data for table `genero`
--

LOCK TABLES `genero` WRITE;
/*!40000 ALTER TABLE `genero` DISABLE KEYS */;
INSERT INTO `genero` VALUES (12,'Aventura'),(14,'Fantasia'),(16,'Animação'),(18,'Drama'),(27,'Terror'),(28,'Ação'),(35,'Comédia'),(36,'História'),(37,'Faroeste'),(53,'Thriller'),(80,'Crime'),(99,'Documentário'),(878,'Ficção científica'),(9648,'Mistério'),(10402,'Música'),(10749,'Romance'),(10751,'Família'),(10752,'Guerra'),(10770,'Cinema TV');
/*!40000 ALTER TABLE `genero` ENABLE KEYS */;
UNLOCK TABLES;

--
-- Table structure for table `sessao`
--

DROP TABLE IF EXISTS `sessao`;
/*!40101 SET @saved_cs_client     = @@character_set_client */;
/*!40101 SET character_set_client = utf8 */;
CREATE TABLE `sessao` (
  `idsessao` int(11) NOT NULL AUTO_INCREMENT,
  `preco` varchar(45) NOT NULL,
  `horario` varchar(45) NOT NULL,
  `tipo_exibicao` varchar(45) NOT NULL,
  `e_3d` tinyint(1) NOT NULL,
  `data` date DEFAULT NULL,
  `idcinema` int(11) NOT NULL,
  `idfilme` int(11) NOT NULL,
  `extras` varchar(45) DEFAULT NULL,
  PRIMARY KEY (`idsessao`,`idcinema`,`idfilme`),
  KEY `fk_sessao_cinema1_idx` (`idcinema`),
  KEY `fk_sessao_filme1_idx` (`idfilme`),
  CONSTRAINT `fk_sessao_cinema1` FOREIGN KEY (`idcinema`) REFERENCES `cinema` (`idcinema`) ON DELETE NO ACTION ON UPDATE NO ACTION,
  CONSTRAINT `fk_sessao_filme1` FOREIGN KEY (`idfilme`) REFERENCES `filme` (`idfilme`) ON DELETE NO ACTION ON UPDATE NO ACTION
) ENGINE=InnoDB AUTO_INCREMENT=19367 DEFAULT CHARSET=utf8;
/*!40101 SET character_set_client = @saved_cs_client */;

--
-- Dumping data for table `sessao`
--

LOCK TABLES `sessao` WRITE;
/*!40000 ALTER TABLE `sessao` DISABLE KEYS */;
INSERT INTO `sessao` VALUES (16980,'31,00','16h20','',1,'0000-00-00',6,570,''),(16981,'31,00','19h10','',1,'0000-00-00',6,570,''),(16982,'31,00','22h10','',1,'0000-00-00',6,570,''),(16983,'26,00','16h00','',0,'0000-00-00',6,588,'MacroXE'),(16984,'29,00','18h40','',0,'0000-00-00',6,588,'MacroXE'),(16985,'29,00','21h20','',0,'0000-00-00',6,588,'MacroXE'),(16986,'45,00','19h50','',0,'0000-00-00',6,588,'VIP'),(16987,'23,00','16h40','',0,'0000-00-00',6,594,''),(16988,'26,00','22h00','',0,'0000-00-00',6,594,''),(16989,'26,00','20h20','',0,'0000-00-00',6,594,''),(16990,'45,00','17h00','',0,'0000-00-00',6,593,'VIP'),(16991,'45,00','22h25','',0,'0000-00-00',6,593,'VIP'),(16992,'23,00','15h50','',0,'0000-00-00',6,593,''),(16993,'26,00','18h40','',0,'0000-00-00',6,593,''),(16994,'26,00','21h30','',0,'0000-00-00',6,593,''),(16995,'23,00','15h30','',0,'0000-00-00',6,564,''),(16996,'26,00','18h10','',0,'0000-00-00',6,564,''),(16997,'26,00','19h30','',0,'0000-00-00',6,591,''),(16998,'26,00','16h20','',1,'0000-00-00',6,570,''),(16999,'26,00','19h10','',1,'0000-00-00',6,570,''),(17000,'26,00','22h10','',1,'0000-00-00',6,570,''),(17001,'21,00','16h00','',0,'0000-00-00',6,588,'MacroXE'),(17002,'24,00','18h40','',0,'0000-00-00',6,588,'MacroXE'),(17003,'24,00','21h20','',0,'0000-00-00',6,588,'MacroXE'),(17004,'36,00','14h20','',0,'0000-00-00',6,588,'VIP'),(17005,'36,00','19h50','',0,'0000-00-00',6,588,'VIP'),(17006,'18,00','16h40','',0,'0000-00-00',6,594,''),(17007,'21,00','22h00','',0,'0000-00-00',6,594,''),(17008,'21,00','20h20','',0,'0000-00-00',6,594,''),(17009,'36,00','17h00','',0,'0000-00-00',6,593,'VIP'),(17010,'36,00','22h25','',0,'0000-00-00',6,593,'VIP'),(17011,'18,00','15h50','',0,'0000-00-00',6,593,''),(17012,'21,00','18h40','',0,'0000-00-00',6,593,''),(17013,'21,00','21h30','',0,'0000-00-00',6,593,''),(17014,'18,00','13h50','',0,'0000-00-00',6,586,''),(17015,'18,00','15h30','',0,'0000-00-00',6,564,''),(17016,'21,00','18h10','',0,'0000-00-00',6,564,''),(17017,'18,00','14h00','',0,'0000-00-00',6,591,''),(17018,'26,00','16h20','',1,'0000-00-00',6,570,''),(17019,'26,00','19h10','',1,'0000-00-00',6,570,''),(17020,'26,00','22h10','',1,'0000-00-00',6,570,''),(17021,'21,00','16h00','',0,'0000-00-00',6,588,'MacroXE'),(17022,'24,00','18h40','',0,'0000-00-00',6,588,'MacroXE'),(17023,'24,00','21h20','',0,'0000-00-00',6,588,'MacroXE'),(17024,'36,00','19h50','',0,'0000-00-00',6,588,'VIP'),(17025,'18,00','16h40','',0,'0000-00-00',6,594,''),(17026,'21,00','22h00','',0,'0000-00-00',6,594,''),(17027,'21,00','20h20','',0,'0000-00-00',6,594,''),(17028,'36,00','14h00','',0,'0000-00-00',6,593,'VIP'),(17029,'36,00','17h00','',0,'0000-00-00',6,593,'VIP'),(17030,'36,00','22h25','',0,'0000-00-00',6,593,'VIP'),(17031,'18,00','15h50','',0,'0000-00-00',6,593,''),(17032,'21,00','18h40','',0,'0000-00-00',6,593,''),(17033,'21,00','21h30','',0,'0000-00-00',6,593,''),(17034,'18,00','13h50','',0,'0000-00-00',6,586,''),(17035,'18,00','15h30','',0,'0000-00-00',6,564,''),(17036,'21,00','18h10','',0,'0000-00-00',6,564,''),(17037,'18,00','14h00','',0,'0000-00-00',6,591,''),(17038,'21,00','19h30','',0,'0000-00-00',6,613,''),(17039,'19,00','19h05','',0,'0000-00-00',6,614,''),(17040,'25,00','16h20','',1,'0000-00-00',6,570,''),(17041,'25,00','19h10','',1,'0000-00-00',6,570,''),(17042,'25,00','22h10','',1,'0000-00-00',6,570,''),(17043,'22,00','16h00','',0,'0000-00-00',6,588,'MacroXE'),(17044,'22,00','18h40','',0,'0000-00-00',6,588,'MacroXE'),(17045,'22,00','21h20','',0,'0000-00-00',6,588,'MacroXE'),(17046,'34,00','14h20','',0,'0000-00-00',6,588,'VIP'),(17047,'34,00','19h50','',0,'0000-00-00',6,588,'VIP'),(17048,'19,00','16h40','',0,'0000-00-00',6,594,''),(17049,'19,00','22h00','',0,'0000-00-00',6,594,''),(17050,'19,00','20h20','',0,'0000-00-00',6,594,''),(17051,'34,00','17h00','',0,'0000-00-00',6,593,'VIP'),(17052,'34,00','22h25','',0,'0000-00-00',6,593,'VIP'),(17053,'19,00','15h50','',0,'0000-00-00',6,593,''),(17054,'19,00','18h40','',0,'0000-00-00',6,593,''),(17055,'19,00','21h30','',0,'0000-00-00',6,593,''),(17056,'19,00','13h50','',0,'0000-00-00',6,586,''),(17057,'19,00','15h30','',0,'0000-00-00',6,564,''),(17058,'19,00','18h10','',0,'0000-00-00',6,564,''),(17059,'19,00','14h00','',0,'0000-00-00',6,591,''),(17060,'34,00','00h01','',1,'0000-00-00',6,615,'MacroXE'),(17061,'34,00','13h30','',1,'0000-00-00',6,615,'MacroXE'),(17062,'34,00','16h20','',1,'0000-00-00',6,615,'MacroXE'),(17063,'34,00','19h10','',1,'0000-00-00',6,615,'MacroXE'),(17064,'34,00','22h00','',1,'0000-00-00',6,615,'MacroXE'),(17065,'49,00','15h20','',1,'0000-00-00',6,615,'VIP'),(17066,'49,00','18h10','',1,'0000-00-00',6,615,'VIP'),(17067,'49,00','21h00','',1,'0000-00-00',6,615,'VIP'),(17068,'34,00','13h30','',1,'0000-00-00',6,615,'MacroXE'),(17069,'34,00','16h20','',1,'0000-00-00',6,615,'MacroXE'),(17070,'34,00','19h10','',1,'0000-00-00',6,615,'MacroXE'),(17071,'34,00','22h00','',1,'0000-00-00',6,615,'MacroXE'),(17072,'49,00','15h20','',1,'0000-00-00',6,615,'VIP'),(17073,'49,00','18h10','',1,'0000-00-00',6,615,'VIP'),(17074,'49,00','21h00','',1,'0000-00-00',6,615,'VIP'),(17075,'34,00','13h30','',1,'0000-00-00',6,615,'MacroXE'),(17076,'34,00','16h20','',1,'0000-00-00',6,615,'MacroXE'),(17077,'34,00','19h10','',1,'0000-00-00',6,615,'MacroXE'),(17078,'34,00','22h00','',1,'0000-00-00',6,615,'MacroXE'),(17079,'49,00','15h20','',1,'0000-00-00',6,615,'VIP'),(17080,'49,00','18h10','',1,'0000-00-00',6,615,'VIP'),(17081,'49,00','21h00','',1,'0000-00-00',6,615,'VIP'),(17082,'29,00','13h30','',1,'0000-00-00',6,615,'MacroXE'),(17083,'29,00','16h20','',1,'0000-00-00',6,615,'MacroXE'),(17084,'29,00','19h10','',1,'0000-00-00',6,615,'MacroXE'),(17085,'29,00','22h00','',1,'0000-00-00',6,615,'MacroXE'),(17086,'40,00','12h30','',1,'0000-00-00',6,615,'VIP'),(17087,'40,00','15h20','',1,'0000-00-00',6,615,'VIP'),(17088,'40,00','18h10','',1,'0000-00-00',6,615,'VIP'),(17089,'40,00','21h00','',1,'0000-00-00',6,615,'VIP'),(17090,'29,00','13h30','',1,'0000-00-00',6,615,'MacroXE'),(17091,'29,00','16h20','',1,'0000-00-00',6,615,'MacroXE'),(17092,'29,00','19h10','',1,'0000-00-00',6,615,'MacroXE'),(17093,'29,00','22h00','',1,'0000-00-00',6,615,'MacroXE'),(17094,'40,00','12h30','',1,'0000-00-00',6,615,'VIP'),(17095,'40,00','15h20','',1,'0000-00-00',6,615,'VIP'),(17096,'40,00','18h10','',1,'0000-00-00',6,615,'VIP'),(17097,'40,00','21h00','',1,'0000-00-00',6,615,'VIP'),(17098,'34,00','13h30','',1,'0000-00-00',6,615,'MacroXE'),(17099,'34,00','16h20','',1,'0000-00-00',6,615,'MacroXE'),(17100,'34,00','19h10','',1,'0000-00-00',6,615,'MacroXE'),(17101,'34,00','22h00','',1,'0000-00-00',6,615,'MacroXE'),(17102,'49,00','15h20','',1,'0000-00-00',6,615,'VIP'),(17103,'49,00','18h10','',1,'0000-00-00',6,615,'VIP'),(17104,'49,00','21h00','',1,'0000-00-00',6,615,'VIP'),(17105,'34,00','13h30','',1,'0000-00-00',6,615,'MacroXE'),(17106,'34,00','16h20','',1,'0000-00-00',6,615,'MacroXE'),(17107,'34,00','19h10','',1,'0000-00-00',6,615,'MacroXE'),(17108,'34,00','22h00','',1,'0000-00-00',6,615,'MacroXE'),(17109,'49,00','15h20','',1,'0000-00-00',6,615,'VIP'),(17110,'49,00','18h10','',1,'0000-00-00',6,615,'VIP'),(17111,'49,00','21h00','',1,'0000-00-00',6,615,'VIP'),(17112,'34,00','13h30','',1,'0000-00-00',6,615,'MacroXE'),(17113,'34,00','16h20','',1,'0000-00-00',6,615,'MacroXE'),(17114,'34,00','19h10','',1,'0000-00-00',6,615,'MacroXE'),(17115,'34,00','22h00','',1,'0000-00-00',6,615,'MacroXE'),(17116,'49,00','15h20','',1,'0000-00-00',6,615,'VIP'),(17117,'49,00','18h10','',1,'0000-00-00',6,615,'VIP'),(17118,'49,00','21h00','',1,'0000-00-00',6,615,'VIP'),(17119,'34,00','00h01','',1,'0000-00-00',6,592,'MacroXE'),(17120,'49,00','00h01','',1,'0000-00-00',6,592,'VIP'),(17121,'34,00','13h00','',1,'0000-00-00',6,592,'MacroXE'),(17122,'34,00','17h05','',1,'0000-00-00',6,592,'MacroXE'),(17123,'34,00','19h05','',1,'0000-00-00',6,592,'MacroXE'),(17124,'34,00','22h05','',1,'0000-00-00',6,592,'MacroXE'),(17125,'29,00','13h00','',1,'0000-00-00',6,592,'MacroXE'),(17126,'29,00','17h05','',1,'0000-00-00',6,592,'MacroXE'),(17127,'29,00','19h05','',1,'0000-00-00',6,592,'MacroXE'),(17128,'29,00','22h05','',1,'0000-00-00',6,592,'MacroXE'),(17129,'29,00','13h00','',1,'0000-00-00',6,592,'MacroXE'),(17130,'29,00','17h05','',1,'0000-00-00',6,592,'MacroXE'),(17131,'29,00','19h05','',1,'0000-00-00',6,592,'MacroXE'),(17132,'29,00','22h05','',1,'0000-00-00',6,592,'MacroXE'),(17133,'28,00','13h00','',1,'0000-00-00',6,592,'MacroXE'),(17134,'28,00','17h05','',1,'0000-00-00',6,592,'MacroXE'),(17135,'28,00','19h05','',1,'0000-00-00',6,592,'MacroXE'),(17136,'28,00','22h05','',1,'0000-00-00',6,592,'MacroXE'),(17137,'34,00','13h00','',1,'0000-00-00',6,592,'MacroXE'),(17138,'34,00','17h05','',1,'0000-00-00',6,592,'MacroXE'),(17139,'34,00','19h05','',1,'0000-00-00',6,592,'MacroXE'),(17140,'34,00','22h05','',1,'0000-00-00',6,592,'MacroXE'),(17141,'34,00','13h00','',1,'0000-00-00',6,592,'MacroXE'),(17142,'34,00','17h05','',1,'0000-00-00',6,592,'MacroXE'),(17143,'34,00','19h05','',1,'0000-00-00',6,592,'MacroXE'),(17144,'34,00','22h05','',1,'0000-00-00',6,592,'MacroXE'),(17145,'34,00','13h00','',1,'0000-00-00',6,592,'MacroXE'),(17146,'34,00','17h05','',1,'0000-00-00',6,592,'MacroXE'),(17147,'34,00','19h05','',1,'0000-00-00',6,592,'MacroXE'),(17148,'34,00','22h05','',1,'0000-00-00',6,592,'MacroXE'),(17953,'32,00','12h20','Dublado',1,'0000-00-00',4,615,''),(17954,'32,00','15h00','Dublado',1,'0000-00-00',4,615,''),(17955,'32,00','17h50','Dublado',1,'0000-00-00',4,615,''),(17956,'32,00','20h30','Dublado',1,'0000-00-00',4,615,''),(17957,'32,00','13h10','Legendado',1,'0000-00-00',4,615,''),(17958,'32,00','16h00','Legendado',1,'0000-00-00',4,615,''),(17959,'32,00','18h40','Legendado',1,'0000-00-00',4,615,''),(17960,'32,00','21h30','Legendado',1,'0000-00-00',4,615,''),(17961,'32,00','19h30','Legendado',1,'0000-00-00',4,615,''),(17962,'32,00','22h20','Legendado',1,'0000-00-00',4,615,''),(17963,'23,00','13h40','Dublado',0,'0000-00-00',4,616,''),(17964,'26,00','19h00','Dublado',0,'0000-00-00',4,616,''),(17965,'23,00','16h20','Legendado',0,'0000-00-00',4,616,''),(17966,'26,00','21h40','Legendado',0,'0000-00-00',4,616,''),(17967,'26,00','18h00','Legendado',0,'0000-00-00',4,593,''),(17968,'26,00','21h00','Legendado',0,'0000-00-00',4,593,''),(17969,'23,00','14h00','Nacional',0,'0000-00-00',4,594,''),(17970,'23,00','16h50','Nacional',0,'0000-00-00',4,594,''),(17971,'26,00','19h20','Nacional',0,'0000-00-00',4,594,''),(17972,'26,00','22h00','Nacional',0,'0000-00-00',4,594,''),(17973,'23,00','12h50','Nacional',0,'0000-00-00',4,617,''),(17974,'23,00','15h30','Nacional',0,'0000-00-00',4,617,''),(17975,'26,00','18h10','Nacional',0,'0000-00-00',4,617,''),(17976,'26,00','20h50','Nacional',0,'0000-00-00',4,617,''),(17977,'23,00','13h20','Dublado',0,'0000-00-00',4,618,''),(17978,'23,00','15h40','Dublado',0,'0000-00-00',4,618,''),(17979,'32,00','14h40','Dublado',1,'0000-00-00',4,618,''),(17980,'32,00','17h00','Dublado',1,'0000-00-00',4,618,''),(17981,'26,00','00h01','Dublado',1,'0000-00-00',4,592,''),(17982,'26,00','00h01','Legendado',1,'0000-00-00',4,592,''),(17983,'26,00','00h01','Legendado',1,'0000-00-00',4,592,''),(17984,'26,00','15h00','Dublado',1,'0000-00-00',4,615,''),(17985,'26,00','17h50','Dublado',1,'0000-00-00',4,615,''),(17986,'26,00','20h30','Dublado',1,'0000-00-00',4,615,''),(17987,'26,00','13h30','Legendado',1,'0000-00-00',4,615,''),(17988,'26,00','16h00','Legendado',1,'0000-00-00',4,615,''),(17989,'26,00','18h40','Legendado',1,'0000-00-00',4,615,''),(17990,'26,00','21h20','Legendado',1,'0000-00-00',4,615,''),(17991,'26,00','19h30','Legendado',1,'0000-00-00',4,615,''),(17992,'26,00','22h20','Legendado',1,'0000-00-00',4,615,''),(17993,'19,00','13h40','Dublado',0,'0000-00-00',4,616,''),(17994,'19,00','19h00','Dublado',0,'0000-00-00',4,616,''),(17995,'19,00','16h20','Legendado',0,'0000-00-00',4,616,''),(17996,'19,00','18h00','Legendado',0,'0000-00-00',4,593,''),(17997,'19,00','21h00','Legendado',0,'0000-00-00',4,593,''),(17998,'19,00','14h00','Nacional',0,'0000-00-00',4,594,''),(17999,'19,00','16h50','Nacional',0,'0000-00-00',4,594,''),(18000,'19,00','19h20','Nacional',0,'0000-00-00',4,594,''),(18001,'19,00','22h00','Nacional',0,'0000-00-00',4,594,''),(18002,'19,00','12h50','Nacional',0,'0000-00-00',4,617,''),(18003,'19,00','15h30','Nacional',0,'0000-00-00',4,617,''),(18004,'19,00','18h10','Nacional',0,'0000-00-00',4,617,''),(18005,'19,00','20h50','Nacional',0,'0000-00-00',4,617,''),(18006,'19,00','13h20','Dublado',0,'0000-00-00',4,618,''),(18007,'19,00','15h40','Dublado',0,'0000-00-00',4,618,''),(18008,'26,00','14h40','Dublado',1,'0000-00-00',4,618,''),(18009,'26,00','17h00','Dublado',1,'0000-00-00',4,618,''),(19047,'21,00','13h20','Dublado',0,'0000-00-00',5,592,''),(19048,'21,00','16h20','Dublado',0,'0000-00-00',5,592,''),(19049,'23,00','19h20','Dublado',0,'0000-00-00',5,592,''),(19050,'23,00','22h20','Dublado',0,'0000-00-00',5,592,''),(19051,'28,00','12h20','Dublado',1,'0000-00-00',5,592,''),(19052,'28,00','14h20','Dublado',1,'0000-00-00',5,592,''),(19053,'28,00','15h20','Dublado',1,'0000-00-00',5,592,''),(19054,'28,00','17h20','Dublado',1,'0000-00-00',5,592,''),(19055,'28,00','18h20','Dublado',1,'0000-00-00',5,592,''),(19056,'28,00','21h20','Dublado',1,'0000-00-00',5,592,''),(19057,'28,00','20h20','Legendado',1,'0000-00-00',5,592,''),(19058,'21,00','15h00','Dublado',0,'0000-00-00',5,615,''),(19059,'23,00','17h50','Dublado',0,'0000-00-00',5,615,''),(19060,'23,00','20h30','Dublado',0,'0000-00-00',5,615,''),(19061,'28,00','13h05','Dublado',1,'0000-00-00',5,615,''),(19062,'28,00','16h10','Dublado',1,'0000-00-00',5,615,''),(19063,'28,00','18h50','Dublado',1,'0000-00-00',5,615,''),(19064,'28,00','21h30','Dublado',1,'0000-00-00',5,615,''),(19065,'28,00','22h25','Legendado',1,'0000-00-00',5,615,''),(19066,'23,00','19h10','Dublado',0,'0000-00-00',5,616,''),(19067,'23,00','22h00','Dublado',0,'0000-00-00',5,616,''),(19068,'21,00','15h50','Dublado',0,'0000-00-00',5,621,''),(19069,'23,00','19h50','Dublado',0,'0000-00-00',5,621,''),(19070,'23,00','20h55','Dublado',0,'0000-00-00',5,621,''),(19071,'21,00','11h05','Nacional',0,'0000-00-00',5,594,''),(19072,'21,00','13h30','Nacional',0,'0000-00-00',5,594,''),(19073,'21,00','16h05','Nacional',0,'0000-00-00',5,594,''),(19074,'23,00','18h40','Nacional',0,'0000-00-00',5,594,''),(19075,'23,00','21h10','Nacional',0,'0000-00-00',5,594,''),(19076,'21,00','13h10','Nacional',0,'0000-00-00',5,617,''),(19077,'21,00','14h00','Nacional',0,'0000-00-00',5,617,''),(19078,'21,00','16h35','Nacional',0,'0000-00-00',5,617,''),(19079,'23,00','18h10','Nacional',0,'0000-00-00',5,617,''),(19080,'21,00','15h10','Nacional',0,'0000-00-00',5,564,''),(19081,'23,00','17h40','Nacional',0,'0000-00-00',5,564,''),(19082,'22,00','13h20','Dublado',0,'0000-00-00',5,592,''),(19083,'22,00','16h20','Dublado',0,'0000-00-00',5,592,''),(19084,'22,00','19h20','Dublado',0,'0000-00-00',5,592,''),(19085,'22,00','22h20','Dublado',0,'0000-00-00',5,592,''),(19086,'27,00','12h20','Dublado',1,'0000-00-00',5,592,''),(19087,'27,00','14h20','Dublado',1,'0000-00-00',5,592,''),(19088,'27,00','15h20','Dublado',1,'0000-00-00',5,592,''),(19089,'27,00','17h20','Dublado',1,'0000-00-00',5,592,''),(19090,'27,00','18h20','Dublado',1,'0000-00-00',5,592,''),(19091,'27,00','21h20','Dublado',1,'0000-00-00',5,592,''),(19092,'27,00','20h20','Legendado',1,'0000-00-00',5,592,''),(19093,'22,00','15h00','Dublado',0,'0000-00-00',5,615,''),(19094,'22,00','17h50','Dublado',0,'0000-00-00',5,615,''),(19095,'22,00','20h30','Dublado',0,'0000-00-00',5,615,''),(19096,'27,00','13h05','Dublado',1,'0000-00-00',5,615,''),(19097,'27,00','16h10','Dublado',1,'0000-00-00',5,615,''),(19098,'27,00','18h50','Dublado',1,'0000-00-00',5,615,''),(19099,'27,00','21h30','Dublado',1,'0000-00-00',5,615,''),(19100,'27,00','22h25','Legendado',1,'0000-00-00',5,615,''),(19101,'22,00','19h10','Dublado',0,'0000-00-00',5,616,''),(19102,'22,00','22h00','Dublado',0,'0000-00-00',5,616,''),(19103,'22,00','15h50','Dublado',0,'0000-00-00',5,621,''),(19104,'22,00','19h50','Dublado',0,'0000-00-00',5,621,''),(19105,'22,00','20h55','Dublado',0,'0000-00-00',5,621,''),(19106,'22,00','11h05','Nacional',0,'0000-00-00',5,594,''),(19107,'22,00','13h30','Nacional',0,'0000-00-00',5,594,''),(19108,'22,00','16h05','Nacional',0,'0000-00-00',5,594,''),(19109,'22,00','18h40','Nacional',0,'0000-00-00',5,594,''),(19110,'22,00','21h10','Nacional',0,'0000-00-00',5,594,''),(19111,'22,00','13h10','Nacional',0,'0000-00-00',5,617,''),(19112,'22,00','14h00','Nacional',0,'0000-00-00',5,617,''),(19113,'22,00','16h35','Nacional',0,'0000-00-00',5,617,''),(19114,'22,00','18h10','Nacional',0,'0000-00-00',5,617,''),(19115,'22,00','15h10','Nacional',0,'0000-00-00',5,564,''),(19116,'22,00','17h40','Nacional',0,'0000-00-00',5,564,''),(19117,'24,00','12h50','Dublado',0,'0000-00-00',5,622,''),(19118,'24,00','16h10','Dublado',0,'0000-00-00',5,622,''),(19119,'26,00','19h00','Dublado',0,'0000-00-00',5,622,''),(19120,'26,00','21h50','Dublado',0,'0000-00-00',5,622,''),(19121,'24,00','14h20','Dublado',0,'0000-00-00',5,592,''),(19122,'26,00','17h20','Dublado',0,'0000-00-00',5,592,''),(19123,'26,00','20h20','Dublado',0,'0000-00-00',5,592,''),(19124,'31,00','13h20','Dublado',1,'0000-00-00',5,592,''),(19125,'31,00','15h20','Dublado',1,'0000-00-00',5,592,''),(19126,'31,00','16h20','Dublado',1,'0000-00-00',5,592,''),(19127,'31,00','19h20','Dublado',1,'0000-00-00',5,592,''),(19128,'31,00','22h30','Dublado',1,'0000-00-00',5,592,''),(19129,'31,00','18h20','Legendado',1,'0000-00-00',5,592,''),(19130,'31,00','21h20','Legendado',1,'0000-00-00',5,592,''),(19131,'24,00','13h00','Dublado',0,'0000-00-00',5,615,''),(19132,'24,00','15h40','Dublado',0,'0000-00-00',5,615,''),(19133,'31,00','19h40','Dublado',1,'0000-00-00',5,615,''),(19134,'31,00','22h20','Dublado',1,'0000-00-00',5,615,''),(19135,'24,00','13h05','Nacional',0,'0000-00-00',5,623,''),(19136,'24,00','15h50','Nacional',0,'0000-00-00',5,623,''),(19137,'26,00','18h40','Nacional',0,'0000-00-00',5,623,''),(19138,'26,00','21h30','Nacional',0,'0000-00-00',5,623,''),(19139,'26,00','17h05','Dublado',0,'0000-00-00',5,616,''),(19140,'24,00','12h55','Dublado',0,'0000-00-00',5,624,''),(19141,'24,00','16h00','Dublado',0,'0000-00-00',5,624,''),(19142,'26,00','18h50','Dublado',0,'0000-00-00',5,624,''),(19143,'26,00','21h40','Dublado',0,'0000-00-00',5,624,''),(19144,'26,00','18h30','Dublado',0,'0000-00-00',5,625,''),(19145,'26,00','20h50','Dublado',0,'0000-00-00',5,625,''),(19146,'24,00','16h40','Nacional',0,'0000-00-00',5,594,''),(19147,'26,00','19h10','Nacional',0,'0000-00-00',5,594,''),(19148,'26,00','22h00','Nacional',0,'0000-00-00',5,594,''),(19149,'24,00','14h00','Nacional',0,'0000-00-00',5,617,''),(19150,'24,00','14h40','Dublado',0,'0000-00-00',5,618,''),(19151,'24,00','12h50','Dublado',0,'0000-00-00',5,622,''),(19152,'24,00','16h10','Dublado',0,'0000-00-00',5,622,''),(19153,'26,00','19h00','Dublado',0,'0000-00-00',5,622,''),(19154,'26,00','21h50','Dublado',0,'0000-00-00',5,622,''),(19155,'24,00','14h20','Dublado',0,'0000-00-00',5,592,''),(19156,'26,00','17h20','Dublado',0,'0000-00-00',5,592,''),(19157,'26,00','20h20','Dublado',0,'0000-00-00',5,592,''),(19158,'31,00','13h20','Dublado',1,'0000-00-00',5,592,''),(19159,'31,00','15h20','Dublado',1,'0000-00-00',5,592,''),(19160,'31,00','16h20','Dublado',1,'0000-00-00',5,592,''),(19161,'31,00','19h20','Dublado',1,'0000-00-00',5,592,''),(19162,'31,00','22h30','Dublado',1,'0000-00-00',5,592,''),(19163,'31,00','18h20','Legendado',1,'0000-00-00',5,592,''),(19164,'31,00','21h20','Legendado',1,'0000-00-00',5,592,''),(19165,'24,00','13h00','Dublado',0,'0000-00-00',5,615,''),(19166,'24,00','15h40','Dublado',0,'0000-00-00',5,615,''),(19167,'31,00','19h40','Dublado',1,'0000-00-00',5,615,''),(19168,'31,00','22h20','Dublado',1,'0000-00-00',5,615,''),(19169,'24,00','13h05','Nacional',0,'0000-00-00',5,623,''),(19170,'24,00','15h50','Nacional',0,'0000-00-00',5,623,''),(19171,'26,00','18h40','Nacional',0,'0000-00-00',5,623,''),(19172,'26,00','21h30','Nacional',0,'0000-00-00',5,623,''),(19173,'26,00','17h05','Dublado',0,'0000-00-00',5,616,''),(19174,'24,00','12h55','Dublado',0,'0000-00-00',5,624,''),(19175,'24,00','16h00','Dublado',0,'0000-00-00',5,624,''),(19176,'26,00','18h50','Dublado',0,'0000-00-00',5,624,''),(19177,'26,00','21h40','Dublado',0,'0000-00-00',5,624,''),(19178,'26,00','18h30','Dublado',0,'0000-00-00',5,625,''),(19179,'26,00','20h50','Dublado',0,'0000-00-00',5,625,''),(19180,'24,00','16h40','Nacional',0,'0000-00-00',5,594,''),(19181,'26,00','19h10','Nacional',0,'0000-00-00',5,594,''),(19182,'26,00','22h00','Nacional',0,'0000-00-00',5,594,''),(19183,'24,00','14h00','Nacional',0,'0000-00-00',5,617,''),(19184,'24,00','14h40','Dublado',0,'0000-00-00',5,618,''),(19185,'24,00','15h10','Dublado',0,'0000-00-00',5,622,''),(19186,'26,00','18h00','Dublado',0,'0000-00-00',5,622,''),(19187,'26,00','20h45','Dublado',0,'0000-00-00',5,622,''),(19188,'26,00','23h35','Dublado',0,'0000-00-00',5,622,''),(19189,'24,00','11h20','Dublado',0,'0000-00-00',5,592,''),(19190,'24,00','14h20','Dublado',0,'0000-00-00',5,592,''),(19191,'26,00','17h20','Dublado',0,'0000-00-00',5,592,''),(19192,'26,00','20h20','Dublado',0,'0000-00-00',5,592,''),(19193,'26,00','23h20','Dublado',0,'0000-00-00',5,592,''),(19194,'31,00','12h20','Dublado',1,'0000-00-00',5,592,''),(19195,'31,00','13h20','Dublado',1,'0000-00-00',5,592,''),(19196,'31,00','15h20','Dublado',1,'0000-00-00',5,592,''),(19197,'31,00','16h20','Dublado',1,'0000-00-00',5,592,''),(19198,'31,00','19h20','Dublado',1,'0000-00-00',5,592,''),(19199,'31,00','22h30','Dublado',1,'0000-00-00',5,592,''),(19200,'31,00','18h20','Legendado',1,'0000-00-00',5,592,''),(19201,'31,00','21h20','Legendado',1,'0000-00-00',5,592,''),(19202,'24,00','13h00','Dublado',0,'0000-00-00',5,615,''),(19203,'24,00','15h40','Dublado',0,'0000-00-00',5,615,''),(19204,'31,00','19h40','Dublado',1,'0000-00-00',5,615,''),(19205,'31,00','22h20','Dublado',1,'0000-00-00',5,615,''),(19206,'24,00','13h05','Nacional',0,'0000-00-00',5,623,''),(19207,'24,00','15h50','Nacional',0,'0000-00-00',5,623,''),(19208,'26,00','18h40','Nacional',0,'0000-00-00',5,623,''),(19209,'26,00','21h30','Nacional',0,'0000-00-00',5,623,''),(19210,'26,00','17h05','Dublado',0,'0000-00-00',5,616,''),(19211,'24,00','12h55','Dublado',0,'0000-00-00',5,624,''),(19212,'24,00','16h00','Dublado',0,'0000-00-00',5,624,''),(19213,'26,00','18h50','Dublado',0,'0000-00-00',5,624,''),(19214,'26,00','21h40','Dublado',0,'0000-00-00',5,624,''),(19215,'24,00','11h10','Dublado',0,'0000-00-00',5,626,''),(19216,'24,00','13h10','Dublado',0,'0000-00-00',5,626,''),(19217,'26,00','18h30','Dublado',0,'0000-00-00',5,625,''),(19218,'26,00','20h50','Dublado',0,'0000-00-00',5,625,''),(19219,'26,00','23h30','Dublado',0,'0000-00-00',5,625,''),(19220,'24,00','16h40','Nacional',0,'0000-00-00',5,594,''),(19221,'26,00','19h10','Nacional',0,'0000-00-00',5,594,''),(19222,'26,00','22h00','Nacional',0,'0000-00-00',5,594,''),(19223,'24,00','12h10','Dublado',0,'0000-00-00',5,627,''),(19224,'24,00','14h00','Nacional',0,'0000-00-00',5,617,''),(19225,'24,00','14h40','Dublado',0,'0000-00-00',5,618,''),(19226,'24,00','15h10','Dublado',0,'0000-00-00',5,622,''),(19227,'24,00','16h55','Dublado',0,'0000-00-00',5,622,''),(19228,'26,00','18h00','Dublado',0,'0000-00-00',5,622,''),(19229,'26,00','20h45','Dublado',0,'0000-00-00',5,622,''),(19230,'24,00','11h20','Dublado',0,'0000-00-00',5,592,''),(19231,'24,00','14h20','Dublado',0,'0000-00-00',5,592,''),(19232,'26,00','17h20','Dublado',0,'0000-00-00',5,592,''),(19233,'26,00','20h20','Dublado',0,'0000-00-00',5,592,''),(19234,'31,00','12h20','Dublado',1,'0000-00-00',5,592,''),(19235,'31,00','13h20','Dublado',1,'0000-00-00',5,592,''),(19236,'31,00','15h20','Dublado',1,'0000-00-00',5,592,''),(19237,'31,00','16h20','Dublado',1,'0000-00-00',5,592,''),(19238,'31,00','19h20','Dublado',1,'0000-00-00',5,592,''),(19239,'31,00','22h30','Dublado',1,'0000-00-00',5,592,''),(19240,'31,00','18h20','Legendado',1,'0000-00-00',5,592,''),(19241,'31,00','21h20','Legendado',1,'0000-00-00',5,592,''),(19242,'24,00','13h15','Dublado',0,'0000-00-00',5,615,''),(19243,'24,00','15h55','Dublado',0,'0000-00-00',5,615,''),(19244,'31,00','19h40','Dublado',1,'0000-00-00',5,615,''),(19245,'31,00','22h20','Dublado',1,'0000-00-00',5,615,''),(19246,'24,00','13h05','Nacional',0,'0000-00-00',5,623,''),(19247,'24,00','15h50','Nacional',0,'0000-00-00',5,623,''),(19248,'26,00','18h40','Nacional',0,'0000-00-00',5,623,''),(19249,'26,00','21h30','Nacional',0,'0000-00-00',5,623,''),(19250,'24,00','12h55','Dublado',0,'0000-00-00',5,624,''),(19251,'24,00','16h00','Dublado',0,'0000-00-00',5,624,''),(19252,'26,00','18h50','Dublado',0,'0000-00-00',5,624,''),(19253,'26,00','21h40','Dublado',0,'0000-00-00',5,624,''),(19254,'24,00','11h10','Dublado',0,'0000-00-00',5,626,''),(19255,'24,00','13h10','Dublado',0,'0000-00-00',5,626,''),(19256,'26,00','18h35','Dublado',0,'0000-00-00',5,625,''),(19257,'26,00','20h55','Dublado',0,'0000-00-00',5,625,''),(19258,'24,00','16h40','Nacional',0,'0000-00-00',5,594,''),(19259,'26,00','19h10','Nacional',0,'0000-00-00',5,594,''),(19260,'26,00','22h00','Nacional',0,'0000-00-00',5,594,''),(19261,'24,00','12h10','Dublado',0,'0000-00-00',5,627,''),(19262,'24,00','14h00','Nacional',0,'0000-00-00',5,617,''),(19263,'24,00','14h40','Dublado',0,'0000-00-00',5,618,''),(19264,'21,00','12h50','Dublado',0,'0000-00-00',5,622,''),(19265,'21,00','16h10','Dublado',0,'0000-00-00',5,622,''),(19266,'23,00','19h00','Dublado',0,'0000-00-00',5,622,''),(19267,'23,00','21h50','Dublado',0,'0000-00-00',5,622,''),(19268,'21,00','14h20','Dublado',0,'0000-00-00',5,592,''),(19269,'23,00','17h20','Dublado',0,'0000-00-00',5,592,''),(19270,'23,00','20h20','Dublado',0,'0000-00-00',5,592,''),(19271,'28,00','13h20','Dublado',1,'0000-00-00',5,592,''),(19272,'28,00','16h20','Dublado',1,'0000-00-00',5,592,''),(19273,'28,00','18h20','Dublado',1,'0000-00-00',5,592,''),(19274,'28,00','19h20','Dublado',1,'0000-00-00',5,592,''),(19275,'28,00','22h30','Dublado',1,'0000-00-00',5,592,''),(19276,'28,00','21h20','Legendado',1,'0000-00-00',5,592,''),(19277,'21,00','13h00','Dublado',0,'0000-00-00',5,615,''),(19278,'21,00','15h40','Dublado',0,'0000-00-00',5,615,''),(19279,'28,00','19h40','Dublado',1,'0000-00-00',5,615,''),(19280,'28,00','22h20','Dublado',1,'0000-00-00',5,615,''),(19281,'21,00','13h05','Nacional',0,'0000-00-00',5,623,''),(19282,'21,00','15h50','Nacional',0,'0000-00-00',5,623,''),(19283,'23,00','18h40','Nacional',0,'0000-00-00',5,623,''),(19284,'23,00','21h30','Nacional',0,'0000-00-00',5,623,''),(19285,'23,00','17h05','Dublado',0,'0000-00-00',5,616,''),(19286,'21,00','12h55','Dublado',0,'0000-00-00',5,624,''),(19287,'21,00','16h00','Dublado',0,'0000-00-00',5,624,''),(19288,'23,00','18h50','Dublado',0,'0000-00-00',5,624,''),(19289,'23,00','21h40','Dublado',0,'0000-00-00',5,624,''),(19290,'23,00','18h30','Dublado',0,'0000-00-00',5,625,''),(19291,'23,00','20h50','Dublado',0,'0000-00-00',5,625,''),(19292,'21,00','16h40','Nacional',0,'0000-00-00',5,594,''),(19293,'23,00','19h10','Nacional',0,'0000-00-00',5,594,''),(19294,'23,00','22h00','Nacional',0,'0000-00-00',5,594,''),(19295,'21,00','14h00','Nacional',0,'0000-00-00',5,617,''),(19296,'21,00','14h40','Dublado',0,'0000-00-00',5,618,''),(19297,'21,00','13h50','Nacional',0,'0000-00-00',5,564,''),(19298,'21,00','16h05','Nacional',0,'0000-00-00',5,564,''),(19299,'21,00','12h50','Dublado',0,'0000-00-00',5,622,''),(19300,'21,00','16h10','Dublado',0,'0000-00-00',5,622,''),(19301,'23,00','19h00','Dublado',0,'0000-00-00',5,622,''),(19302,'23,00','21h50','Dublado',0,'0000-00-00',5,622,''),(19303,'21,00','14h20','Dublado',0,'0000-00-00',5,592,''),(19304,'23,00','17h20','Dublado',0,'0000-00-00',5,592,''),(19305,'23,00','20h20','Dublado',0,'0000-00-00',5,592,''),(19306,'28,00','13h20','Dublado',1,'0000-00-00',5,592,''),(19307,'28,00','16h20','Dublado',1,'0000-00-00',5,592,''),(19308,'28,00','18h20','Dublado',1,'0000-00-00',5,592,''),(19309,'28,00','19h20','Dublado',1,'0000-00-00',5,592,''),(19310,'28,00','22h30','Dublado',1,'0000-00-00',5,592,''),(19311,'28,00','21h20','Legendado',1,'0000-00-00',5,592,''),(19312,'21,00','13h05','Dublado',0,'0000-00-00',5,615,''),(19313,'21,00','15h55','Dublado',0,'0000-00-00',5,615,''),(19314,'28,00','19h40','Dublado',1,'0000-00-00',5,615,''),(19315,'28,00','22h20','Dublado',1,'0000-00-00',5,615,''),(19316,'21,00','13h05','Nacional',0,'0000-00-00',5,623,''),(19317,'21,00','15h50','Nacional',0,'0000-00-00',5,623,''),(19318,'23,00','18h40','Nacional',0,'0000-00-00',5,623,''),(19319,'23,00','21h30','Nacional',0,'0000-00-00',5,623,''),(19320,'23,00','17h05','Dublado',0,'0000-00-00',5,616,''),(19321,'21,00','12h55','Dublado',0,'0000-00-00',5,624,''),(19322,'21,00','16h00','Dublado',0,'0000-00-00',5,624,''),(19323,'23,00','18h50','Dublado',0,'0000-00-00',5,624,''),(19324,'23,00','21h40','Dublado',0,'0000-00-00',5,624,''),(19325,'21,00','16h40','Nacional',0,'0000-00-00',5,594,''),(19326,'23,00','19h10','Nacional',0,'0000-00-00',5,594,''),(19327,'23,00','22h00','Nacional',0,'0000-00-00',5,594,''),(19328,'21,00','14h00','Nacional',0,'0000-00-00',5,617,''),(19329,'21,00','14h40','Dublado',0,'0000-00-00',5,618,''),(19330,'21,00','13h50','Nacional',0,'0000-00-00',5,564,''),(19331,'21,00','16h05','Nacional',0,'0000-00-00',5,564,''),(19332,'22,00','12h50','Dublado',0,'0000-00-00',5,622,''),(19333,'22,00','16h10','Dublado',0,'0000-00-00',5,622,''),(19334,'22,00','19h00','Dublado',0,'0000-00-00',5,622,''),(19335,'22,00','21h50','Dublado',0,'0000-00-00',5,622,''),(19336,'22,00','14h20','Dublado',0,'0000-00-00',5,592,''),(19337,'22,00','17h20','Dublado',0,'0000-00-00',5,592,''),(19338,'22,00','20h20','Dublado',0,'0000-00-00',5,592,''),(19339,'27,00','13h20','Dublado',1,'0000-00-00',5,592,''),(19340,'27,00','16h20','Dublado',1,'0000-00-00',5,592,''),(19341,'27,00','18h20','Dublado',1,'0000-00-00',5,592,''),(19342,'27,00','19h20','Dublado',1,'0000-00-00',5,592,''),(19343,'27,00','22h30','Dublado',1,'0000-00-00',5,592,''),(19344,'27,00','21h20','Legendado',1,'0000-00-00',5,592,''),(19345,'22,00','13h00','Dublado',0,'0000-00-00',5,615,''),(19346,'22,00','15h40','Dublado',0,'0000-00-00',5,615,''),(19347,'27,00','19h40','Dublado',1,'0000-00-00',5,615,''),(19348,'27,00','22h20','Dublado',1,'0000-00-00',5,615,''),(19349,'22,00','13h05','Nacional',0,'0000-00-00',5,623,''),(19350,'22,00','15h50','Nacional',0,'0000-00-00',5,623,''),(19351,'22,00','18h40','Nacional',0,'0000-00-00',5,623,''),(19352,'22,00','21h30','Nacional',0,'0000-00-00',5,623,''),(19353,'22,00','17h05','Dublado',0,'0000-00-00',5,616,''),(19354,'22,00','12h55','Dublado',0,'0000-00-00',5,624,''),(19355,'22,00','16h00','Dublado',0,'0000-00-00',5,624,''),(19356,'22,00','18h50','Dublado',0,'0000-00-00',5,624,''),(19357,'22,00','21h40','Dublado',0,'0000-00-00',5,624,''),(19358,'22,00','18h30','Dublado',0,'0000-00-00',5,625,''),(19359,'22,00','20h50','Dublado',0,'0000-00-00',5,625,''),(19360,'22,00','16h40','Nacional',0,'0000-00-00',5,594,''),(19361,'22,00','19h10','Nacional',0,'0000-00-00',5,594,''),(19362,'22,00','22h00','Nacional',0,'0000-00-00',5,594,''),(19363,'22,00','14h00','Nacional',0,'0000-00-00',5,617,''),(19364,'22,00','14h40','Dublado',0,'0000-00-00',5,618,''),(19365,'22,00','13h50','Nacional',0,'0000-00-00',5,564,''),(19366,'22,00','16h05','Nacional',0,'0000-00-00',5,564,'');
/*!40000 ALTER TABLE `sessao` ENABLE KEYS */;
UNLOCK TABLES;

--
-- Temporary view structure for view `visao_principal`
--

DROP TABLE IF EXISTS `visao_principal`;
/*!50001 DROP VIEW IF EXISTS `visao_principal`*/;
SET @saved_cs_client     = @@character_set_client;
SET character_set_client = utf8;
/*!50001 CREATE VIEW `visao_principal` AS SELECT 
 1 AS `nome`,
 1 AS `classificacao`,
 1 AS `horario`,
 1 AS `preco`,
 1 AS `tipo_exibicao`,
 1 AS `e_3d`,
 1 AS `data`,
 1 AS `generos`*/;
SET character_set_client = @saved_cs_client;

--
-- Final view structure for view `visao_principal`
--

/*!50001 DROP VIEW IF EXISTS `visao_principal`*/;
/*!50001 SET @saved_cs_client          = @@character_set_client */;
/*!50001 SET @saved_cs_results         = @@character_set_results */;
/*!50001 SET @saved_col_connection     = @@collation_connection */;
/*!50001 SET character_set_client      = utf8 */;
/*!50001 SET character_set_results     = utf8 */;
/*!50001 SET collation_connection      = utf8_general_ci */;
/*!50001 CREATE ALGORITHM=UNDEFINED */
/*!50013 DEFINER=`root`@`localhost` SQL SECURITY DEFINER */
/*!50001 VIEW `visao_principal` AS select `filme`.`nomeDoFilme` AS `nome`,`filme`.`classificacaoEtaria` AS `classificacao`,`sessao`.`horario` AS `horario`,`sessao`.`preco` AS `preco`,`sessao`.`tipo_exibicao` AS `tipo_exibicao`,`sessao`.`e_3d` AS `e_3d`,`sessao`.`data` AS `data`,group_concat(`genero`.`nomeGenero` separator ', ') AS `generos` from (((`filme` left join `filme_genero` on((`filme`.`idfilme` = `filme_genero`.`idfilme`))) left join `genero` on((`filme_genero`.`idgenero` = `genero`.`idgenero`))) join `sessao` on((`sessao`.`idfilme` = `filme`.`idfilme`))) group by `sessao`.`idsessao` order by `sessao`.`data`,`sessao`.`horario` */;
/*!50001 SET character_set_client      = @saved_cs_client */;
/*!50001 SET character_set_results     = @saved_cs_results */;
/*!50001 SET collation_connection      = @saved_col_connection */;
/*!40103 SET TIME_ZONE=@OLD_TIME_ZONE */;

/*!40101 SET SQL_MODE=@OLD_SQL_MODE */;
/*!40014 SET FOREIGN_KEY_CHECKS=@OLD_FOREIGN_KEY_CHECKS */;
/*!40014 SET UNIQUE_CHECKS=@OLD_UNIQUE_CHECKS */;
/*!40101 SET CHARACTER_SET_CLIENT=@OLD_CHARACTER_SET_CLIENT */;
/*!40101 SET CHARACTER_SET_RESULTS=@OLD_CHARACTER_SET_RESULTS */;
/*!40101 SET COLLATION_CONNECTION=@OLD_COLLATION_CONNECTION */;
/*!40111 SET SQL_NOTES=@OLD_SQL_NOTES */;

-- Dump completed on 2016-12-05  0:31:29
