{
    "prepare_queue": {
        "installed": [],
        "uninstalled": []
    },
    "config_munge": {
        "files": {}
    },
    "installed_plugins": {
        "cordova-sqlite-storage": {
            "PACKAGE_NAME": "com.digitalbackcountry.example"
        },
        "cordova-plugin-geolocation": {
            "PACKAGE_NAME": "com.digitalbackcountry.example"
        },
        "cordova-plugin-compat": {
            "PACKAGE_NAME": "com.digitalbackcountry.example"
        }
    },
    "dependent_plugins": {},
    "modules": [
        {
            "file": "plugins/cordova-sqlite-storage/www/SQLitePlugin.js",
            "id": "cordova-sqlite-storage.SQLitePlugin",
            "pluginId": "cordova-sqlite-storage",
            "clobbers": [
                "SQLitePlugin"
            ]
        }
    ],
    "plugin_metadata": {
        "cordova-sqlite-storage": "1.4.7",
        "cordova-plugin-geolocation": "2.2.0",
        "cordova-plugin-compat": "1.0.0"
    }
}